,Rainfall amount (millimetres),Date,Maximum temperature (Degree C),Daily global solar exposure (MJ/m*m)
0,0.0,2014-01-01,30.6,31.2
1,0.0,2014-01-02,31.8,23.4
2,1.0,2014-01-03,34.5,29.6
3,0.0,2014-01-04,38.7,30.5
4,0.0,2014-01-05,33.6,15.7
5,0.0,2014-01-06,34.8,18.7
6,40.2,2014-01-07,31.2,27.2
7,0.4,2014-01-08,29.6,22.1
8,0.2,2014-01-09,28.6,19.8
9,1.4,2014-01-10,27.8,14.0
10,0.0,2014-01-11,29.8,22.6
11,0.0,2014-01-12,30.6,27.5
12,0.0,2014-01-13,29.6,24.6
13,0.0,2014-01-14,30.2,23.8
14,0.0,2014-01-15,30.4,26.4
15,0.0,2014-01-16,30.6,25.3
16,0.2,2014-01-17,30.8,28.8
17,0.0,2014-01-18,30.4,24.0
18,0.0,2014-01-19,31.8,30.2
19,0.0,2014-01-20,33.5,29.9
20,0.0,2014-01-21,32.9,29.7
21,0.0,2014-01-22,35.3,26.9
22,2.2,2014-01-23,30.1,6.0
23,94.0,2014-01-24,29.2,16.6
24,2.0,2014-01-25,28.7,11.1
25,1.2,2014-01-26,28.5,26.6
26,0.0,2014-01-27,28.6,22.3
27,0.0,2014-01-28,26.7,17.4
28,0.8,2014-01-29,27.4,18.1
29,0.2,2014-01-30,28.4,19.6
30,0.0,2014-01-31,26.9,12.0
31,0.0,2014-02-01,28.8,22.3
32,0.0,2014-02-02,30.0,22.9
33,1.6,2014-02-03,28.7,20.1
34,0.6,2014-02-04,29.7,24.0
35,0.0,2014-02-05,29.9,23.1
36,0.2,2014-02-06,27.4,18.4
37,0.0,2014-02-07,28.6,17.5
38,0.0,2014-02-08,29.2,21.6
39,0.0,2014-02-09,29.1,11.3
40,0.0,2014-02-10,28.8,18.1
41,0.0,2014-02-11,29.2,23.6
42,0.0,2014-02-12,29.8,22.4
43,0.0,2014-02-13,30.8,24.0
44,,2014-02-14,30.0,18.7
45,0.0,2014-02-15,31.6,26.4
46,0.0,2014-02-16,32.6,26.9
47,0.0,2014-02-17,34.1,24.3
48,8.4,2014-02-18,31.3,18.4
49,0.2,2014-02-19,31.9,25.9
50,0.0,2014-02-20,33.4,21.3
51,0.0,2014-02-21,34.0,18.3
52,2.2,2014-02-22,27.4,4.7
53,0.0,2014-02-23,30.2,24.4
54,1.2,2014-02-24,28.5,20.2
55,1.4,2014-02-25,29.6,22.5
56,0.0,2014-02-26,29.5,22.6
57,0.0,2014-02-27,30.7,26.3
58,0.0,2014-02-28,30.9,18.8
59,0.6,2014-03-01,30.4,22.8
60,0.0,2014-03-02,30.2,17.8
61,1.6,2014-03-03,27.8,14.7
62,4.6,2014-03-04,28.6,20.7
63,3.4,2014-03-05,27.9,13.8
64,0.0,2014-03-06,29.1,23.7
65,0.0,2014-03-07,28.8,15.8
66,0.2,2014-03-08,28.9,20.5
67,1.2,2014-03-09,28.3,15.4
68,2.2,2014-03-10,28.9,21.4
69,4.6,2014-03-11,28.7,19.9
70,0.8,2014-03-12,29.3,20.8
71,0.0,2014-03-13,29.6,22.5
72,0.0,2014-03-14,29.0,19.2
73,0.6,2014-03-15,30.2,23.1
74,0.0,2014-03-16,32.8,23.6
75,4.6,2014-03-17,31.8,22.9
76,0.2,2014-03-18,32.0,19.0
77,0.0,2014-03-19,30.6,18.8
78,0.6,2014-03-20,30.0,21.4
79,0.2,2014-03-21,29.0,15.3
80,0.6,2014-03-22,29.5,18.9
81,0.0,2014-03-23,31.6,20.5
82,0.0,2014-03-24,28.8,16.2
83,22.4,2014-03-25,26.5,7.3
84,21.6,2014-03-26,27.2,8.8
85,5.6,2014-03-27,23.8,3.0
86,82.6,2014-03-28,28.9,10.6
87,3.2,2014-03-29,32.6,20.0
88,0.8,2014-03-30,25.6,3.8
89,2.2,2014-03-31,29.3,16.8
90,0.6,2014-04-01,29.3,20.0
91,0.0,2014-04-02,29.9,20.0
92,0.0,2014-04-03,29.5,20.7
93,0.0,2014-04-04,29.5,17.2
94,0.0,2014-04-05,30.9,20.6
95,0.0,2014-04-06,31.0,17.3
96,1.8,2014-04-07,27.8,14.4
97,0.0,2014-04-08,27.0,13.0
98,0.0,2014-04-09,27.8,17.9
99,0.0,2014-04-10,26.3,17.0
100,0.0,2014-04-11,29.7,19.3
101,0.0,2014-04-12,31.3,14.9
102,0.0,2014-04-13,24.6,3.4
103,8.8,2014-04-14,24.9,8.1
104,0.0,2014-04-15,25.8,13.4
105,0.0,2014-04-16,28.2,18.1
106,0.0,2014-04-17,28.0,19.3
107,0.0,2014-04-18,28.4,19.3
108,0.0,2014-04-19,28.6,19.5
109,0.0,2014-04-20,28.5,18.9
110,0.0,2014-04-21,29.2,18.7
111,0.0,2014-04-22,27.5,18.7
112,0.0,2014-04-23,28.2,18.1
113,0.0,2014-04-24,29.0,18.3
114,0.0,2014-04-25,28.9,17.9
115,0.0,2014-04-26,29.1,16.5
116,0.0,2014-04-27,29.4,15.8
117,2.6,2014-04-28,24.6,11.2
118,0.4,2014-04-29,26.0,12.8
119,0.0,2014-04-30,27.1,14.6
120,4.6,2014-05-01,27.4,14.3
121,1.2,2014-05-02,23.5,6.2
122,13.8,2014-05-03,21.1,15.4
123,0.2,2014-05-04,,16.3
124,0.0,2014-05-05,22.5,16.2
125,0.0,2014-05-06,22.4,16.9
126,,2014-05-07,23.7,12.9
127,0.0,2014-05-08,24.2,11.7
128,0.0,2014-05-09,24.7,16.0
129,0.0,2014-05-10,24.0,9.6
130,0.2,2014-05-11,25.4,14.6
131,0.0,2014-05-12,24.7,10.7
132,3.6,2014-05-13,24.8,14.4
133,0.0,2014-05-14,23.2,12.5
134,0.0,2014-05-15,24.8,14.3
135,0.4,2014-05-16,23.0,10.8
136,1.2,2014-05-17,24.6,13.3
137,0.6,2014-05-18,25.1,11.3
138,0.2,2014-05-19,24.7,10.6
139,0.0,2014-05-20,24.7,11.7
140,0.0,2014-05-21,25.1,13.7
141,1.2,2014-05-22,26.1,11.2
142,0.0,2014-05-23,26.6,12.3
143,0.6,2014-05-24,27.0,14.4
144,0.0,2014-05-25,28.4,14.6
145,0.2,2014-05-26,28.4,14.5
146,0.0,2014-05-27,26.9,13.2
147,0.0,2014-05-28,27.9,14.1
148,0.0,2014-05-29,28.6,13.4
149,0.0,2014-05-30,24.9,9.7
150,0.6,2014-05-31,23.4,10.1
151,0.4,2014-06-01,24.8,12.3
152,0.0,2014-06-02,25.8,13.4
153,0.0,2014-06-03,24.6,11.4
154,0.0,2014-06-04,25.8,12.0
155,0.0,2014-06-05,26.1,13.7
156,0.0,2014-06-06,25.9,12.7
157,0.0,2014-06-07,24.4,13.8
158,0.0,2014-06-08,23.3,11.8
159,0.0,2014-06-09,22.4,11.6
160,0.0,2014-06-10,23.9,12.8
161,0.0,2014-06-11,22.8,11.0
162,0.0,2014-06-12,23.6,11.5
163,1.4,2014-06-13,24.1,11.8
164,0.8,2014-06-14,21.0,5.8
165,0.6,2014-06-15,20.6,14.1
166,0.0,2014-06-16,21.6,13.9
167,0.0,2014-06-17,22.9,14.0
168,0.0,2014-06-18,24.3,13.2
169,0.0,2014-06-19,20.3,8.0
170,5.8,2014-06-20,22.5,9.1
171,0.0,2014-06-21,25.6,12.9
172,5.2,2014-06-22,24.2,13.0
173,0.2,2014-06-23,24.1,13.6
174,0.0,2014-06-24,20.9,7.6
175,0.0,2014-06-25,21.8,13.6
176,0.0,2014-06-26,24.2,14.2
177,0.0,2014-06-27,23.6,14.2
178,0.0,2014-06-28,24.9,10.6
179,1.6,2014-06-29,19.9,14.4
180,0.2,2014-06-30,19.1,14.1
181,0.0,2014-07-01,19.8,14.5
182,0.0,2014-07-02,21.2,14.1
183,0.0,2014-07-03,22.6,13.7
184,0.0,2014-07-04,23.9,12.3
185,0.4,2014-07-05,24.4,12.8
186,0.0,2014-07-06,20.5,14.5
187,0.0,2014-07-07,19.9,14.4
188,0.0,2014-07-08,21.7,14.7
189,0.0,2014-07-09,23.4,14.7
190,0.0,2014-07-10,20.0,14.7
191,0.0,2014-07-11,22.4,15.0
192,0.0,2014-07-12,22.6,15.0
193,0.0,2014-07-13,21.8,14.3
194,0.0,2014-07-14,21.4,13.4
195,0.0,2014-07-15,20.5,9.0
196,0.8,2014-07-16,22.0,8.4
197,2.0,2014-07-17,22.2,15.0
198,0.2,2014-07-18,18.7,15.2
199,0.0,2014-07-19,20.3,15.2
200,0.0,2014-07-20,23.2,13.7
201,0.0,2014-07-21,22.2,10.1
202,0.0,2014-07-22,22.6,10.9
203,2.4,2014-07-23,22.8,14.2
204,0.2,2014-07-24,23.3,13.8
205,0.0,2014-07-25,23.8,14.7
206,0.0,2014-07-26,22.7,9.4
207,8.0,2014-07-27,24.4,15.7
208,0.2,2014-07-28,23.7,15.7
209,0.0,2014-07-29,25.1,16.1
210,0.0,2014-07-30,25.9,16.5
211,0.0,2014-07-31,25.4,16.1
212,0.0,2014-08-01,28.5,14.8
213,0.0,2014-08-02,21.4,16.6
214,0.0,2014-08-03,21.4,12.4
215,2.0,2014-08-04,20.2,11.5
216,0.4,2014-08-05,21.8,13.7
217,,2014-08-06,22.3,15.1
218,0.0,2014-08-07,24.0,16.6
219,0.0,2014-08-08,23.3,14.4
220,0.0,2014-08-09,21.9,11.1
221,0.0,2014-08-10,24.6,16.3
222,0.0,2014-08-11,25.9,17.0
223,0.0,2014-08-12,22.1,13.7
224,0.0,2014-08-13,22.6,15.8
225,0.0,2014-08-14,21.6,11.7
226,0.0,2014-08-15,20.9,10.1
227,4.0,2014-08-16,17.4,4.9
228,51.6,2014-08-17,22.5,16.8
229,0.0,2014-08-18,20.9,16.1
230,0.0,2014-08-19,24.3,18.0
231,0.0,2014-08-20,24.2,17.3
232,0.0,2014-08-21,23.2,15.5
233,3.2,2014-08-22,17.1,4.2
234,22.4,2014-08-23,18.5,6.7
235,6.0,2014-08-24,22.8,13.6
236,0.0,2014-08-25,24.0,13.0
237,0.0,2014-08-26,23.9,17.1
238,0.0,2014-08-27,23.8,15.3
239,3.6,2014-08-28,23.7,12.5
240,0.0,2014-08-29,23.9,19.3
241,0.0,2014-08-30,24.3,18.3
242,0.0,2014-08-31,25.8,18.9
243,0.0,2014-09-01,25.3,18.1
244,0.0,2014-09-02,29.1,14.9
245,0.0,2014-09-03,23.1,20.9
246,0.0,2014-09-04,23.9,20.9
247,0.0,2014-09-05,23.8,20.5
248,0.0,2014-09-06,23.4,15.6
249,0.0,2014-09-07,23.1,15.9
250,3.0,2014-09-08,23.0,13.6
251,0.0,2014-09-09,23.6,17.2
252,0.0,2014-09-10,28.3,19.7
253,0.0,2014-09-11,27.0,21.7
254,0.0,2014-09-12,25.2,17.1
255,0.0,2014-09-13,24.2,14.5
256,0.0,2014-09-14,24.7,20.3
257,0.0,2014-09-15,26.3,21.1
258,0.0,2014-09-16,26.9,20.6
259,0.0,2014-09-17,29.5,23.0
260,0.0,2014-09-18,27.3,23.2
261,0.0,2014-09-19,24.7,22.5
262,0.0,2014-09-20,24.0,15.7
263,0.0,2014-09-21,24.4,18.9
264,0.6,2014-09-22,23.4,15.5
265,3.0,2014-09-23,23.9,17.5
266,0.8,2014-09-24,23.4,14.8
267,0.0,2014-09-25,26.3,15.2
268,9.8,2014-09-26,25.5,17.9
269,0.0,2014-09-27,26.6,20.6
270,10.4,2014-09-28,23.9,18.9
271,0.0,2014-09-29,24.9,23.3
272,0.0,2014-09-30,26.2,23.5
273,0.0,2014-10-01,31.4,23.8
274,0.0,2014-10-02,23.2,15.6
275,0.0,2014-10-03,26.0,23.8
276,0.0,2014-10-04,25.8,19.6
277,0.0,2014-10-05,26.9,24.1
278,0.0,2014-10-06,27.2,24.5
279,0.0,2014-10-07,26.9,24.6
280,0.0,2014-10-08,31.7,23.4
281,0.0,2014-10-09,25.3,14.4
282,0.0,2014-10-10,25.4,17.4
283,0.0,2014-10-11,26.4,21.3
284,0.0,2014-10-12,26.2,23.8
285,0.0,2014-10-13,26.9,25.3
286,3.2,2014-10-14,27.7,22.0
287,0.0,2014-10-15,26.2,25.8
288,0.0,2014-10-16,26.7,20.5
289,0.0,2014-10-17,30.2,25.7
290,0.0,2014-10-18,26.5,23.5
291,0.0,2014-10-19,26.9,24.3
292,0.0,2014-10-20,26.6,27.3
293,0.0,2014-10-21,27.1,15.0
294,0.0,2014-10-22,25.5,21.5
295,0.0,2014-10-23,27.0,27.9
296,0.0,2014-10-24,27.3,27.5
297,0.0,2014-10-25,28.6,27.2
298,0.0,2014-10-26,29.0,27.4
299,0.0,2014-10-27,34.0,26.8
300,2.6,2014-10-28,34.2,27.6
301,0.0,2014-10-29,30.7,27.4
302,0.0,2014-10-30,28.8,27.5
303,0.0,2014-10-31,30.4,25.1
304,0.0,2014-11-01,30.9,25.4
305,0.0,2014-11-02,31.2,24.7
306,0.0,2014-11-03,23.8,5.4
307,0.0,2014-11-04,26.4,18.5
308,0.0,2014-11-05,27.0,25.1
309,0.0,2014-11-06,28.4,27.1
310,9.2,2014-11-07,29.1,23.3
311,0.0,2014-11-08,29.1,29.3
312,0.0,2014-11-09,28.5,30.0
313,0.0,2014-11-10,29.2,27.4
314,0.0,2014-11-11,29.9,27.9
315,0.0,2014-11-12,28.3,17.2
316,9.2,2014-11-13,28.6,21.5
317,0.2,2014-11-14,30.0,28.6
318,0.0,2014-11-15,32.2,28.5
319,0.0,2014-11-16,38.9,24.3
320,0.0,2014-11-17,30.3,26.9
321,2.6,2014-11-18,28.3,13.1
322,13.8,2014-11-19,30.0,12.0
323,56.0,2014-11-20,28.9,21.8
324,0.0,2014-11-21,30.4,26.6
325,0.0,2014-11-22,31.5,27.7
326,0.0,2014-11-23,30.4,28.5
327,0.0,2014-11-24,30.5,29.3
328,0.0,2014-11-25,31.1,29.4
329,3.6,2014-11-26,29.1,16.0
330,3.0,2014-11-27,32.0,23.4
331,43.4,2014-11-28,27.4,15.1
332,1.0,2014-11-29,27.3,30.2
333,0.0,2014-11-30,27.8,29.3
334,0.0,2014-12-01,28.4,27.2
335,0.0,2014-12-02,29.1,17.1
336,0.2,2014-12-03,29.8,28.6
337,0.0,2014-12-04,30.3,27.7
338,0.0,2014-12-05,30.0,17.3
339,11.6,2014-12-06,28.4,11.2
340,1.4,2014-12-07,30.3,25.6
341,0.0,2014-12-08,30.4,11.4
342,25.2,2014-12-09,33.2,22.2
343,0.6,2014-12-10,29.9,23.2
344,0.0,2014-12-11,32.2,10.0
345,27.0,2014-12-12,24.7,7.4
346,3.8,2014-12-13,24.9,8.0
347,0.0,2014-12-14,26.3,13.6
348,0.0,2014-12-15,28.8,31.1
349,0.0,2014-12-16,30.0,30.0
350,0.0,2014-12-17,35.0,30.9
351,1.2,2014-12-18,32.4,23.5
352,16.8,2014-12-19,34.7,29.3
353,0.0,2014-12-20,29.1,20.3
354,0.0,2014-12-21,29.3,20.5
355,0.0,2014-12-22,28.5,28.0
356,0.0,2014-12-23,28.8,24.8
357,0.0,2014-12-24,30.3,29.9
358,0.0,2014-12-25,30.2,24.0
359,0.0,2014-12-26,31.7,16.1
360,7.2,2014-12-27,23.4,3.5
361,22.4,2014-12-28,27.0,6.6
362,6.0,2014-12-29,29.9,13.7
363,1.0,2014-12-30,35.5,29.9
364,0.0,2014-12-31,33.9,26.7
365,12.2,2015-01-01,31.3,23.4
366,0.2,2015-01-02,30.5,23.2
367,1.2,2015-01-03,28.9,11.7
368,16.8,2015-01-04,30.2,24.8
369,0.0,2015-01-05,28.1,10.9
370,21.6,2015-01-06,29.5,28.3
371,0.0,2015-01-07,27.1,14.6
372,1.8,2015-01-08,28.4,15.7
373,3.6,2015-01-09,29.5,25.7
374,0.0,2015-01-10,30.2,28.0
375,0.0,2015-01-11,28.2,9.8
376,14.6,2015-01-12,30.4,10.0
377,38.6,2015-01-13,28.4,11.8
378,0.2,2015-01-14,30.3,13.1
379,,2015-01-15,36.0,28.6
380,0.0,2015-01-16,32.5,30.8
381,0.0,2015-01-17,35.3,27.3
382,0.0,2015-01-18,36.7,28.3
383,0.0,2015-01-19,31.8,24.3
384,35.8,2015-01-20,29.2,21.4
385,0.2,2015-01-21,30.0,24.4
386,1.0,2015-01-22,28.6,10.6
387,100.4,2015-01-23,24.8,2.6
388,65.2,2015-01-24,30.8,17.1
389,0.0,2015-01-25,36.7,28.1
390,0.0,2015-01-26,33.1,24.4
391,0.0,2015-01-27,30.2,21.0
392,5.2,2015-01-28,28.1,9.9
393,0.0,2015-01-29,28.9,22.4
394,3.8,2015-01-30,29.0,26.8
395,0.0,2015-01-31,31.8,29.1
396,17.2,2015-02-01,34.4,30.3
397,0.0,2015-02-02,29.6,26.2
398,2.2,2015-02-03,,19.8
399,,2015-02-04,28.6,23.5
400,0.0,2015-02-05,29.2,26.7
401,2.8,2015-02-06,28.3,26.5
402,0.2,2015-02-07,29.3,20.1
403,0.2,2015-02-08,29.9,25.7
404,0.0,2015-02-09,30.3,25.7
405,5.2,2015-02-10,29.0,23.0
406,12.2,2015-02-11,28.9,21.9
407,8.4,2015-02-12,28.9,18.6
408,1.6,2015-02-13,29.6,22.8
409,0.4,2015-02-14,29.0,24.2
410,0.2,2015-02-15,28.8,19.3
411,0.4,2015-02-16,29.4,25.3
412,0.4,2015-02-17,29.1,20.7
413,0.2,2015-02-18,29.2,16.4
414,4.6,2015-02-19,26.8,6.5
415,54.0,2015-02-20,22.6,2.6
416,89.2,2015-02-21,27.3,3.1
417,68.4,2015-02-22,31.4,19.0
418,4.4,2015-02-23,30.6,22.8
419,0.4,2015-02-24,30.8,20.3
420,0.0,2015-02-25,29.8,21.6
421,0.2,2015-02-26,29.8,19.7
422,1.8,2015-02-27,30.2,20.1
423,0.2,2015-02-28,30.1,21.2
424,0.0,2015-03-01,31.3,25.3
425,0.0,2015-03-02,31.6,20.1
426,0.0,2015-03-03,30.6,26.0
427,0.0,2015-03-04,30.5,25.4
428,0.0,2015-03-05,36.1,24.9
429,0.0,2015-03-06,28.6,18.1
430,0.0,2015-03-07,30.2,23.5
431,0.0,2015-03-08,30.9,25.0
432,0.0,2015-03-09,31.6,22.5
433,0.0,2015-03-10,30.6,21.9
434,0.0,2015-03-11,30.1,17.3
435,0.0,2015-03-12,29.9,21.6
436,0.0,2015-03-13,29.5,22.0
437,0.0,2015-03-14,28.8,21.2
438,0.0,2015-03-15,32.3,20.9
439,0.0,2015-03-16,28.5,21.8
440,0.0,2015-03-17,28.8,17.7
441,0.0,2015-03-18,28.9,12.7
442,7.6,2015-03-19,33.5,23.5
443,0.0,2015-03-20,32.4,20.7
444,0.2,2015-03-21,30.3,4.3
445,68.0,2015-03-22,26.3,7.6
446,81.8,2015-03-23,28.3,17.7
447,0.0,2015-03-24,30.5,20.3
448,0.0,2015-03-25,31.7,21.7
449,3.8,2015-03-26,30.7,17.2
450,0.0,2015-03-27,31.1,17.9
451,0.0,2015-03-28,28.5,15.0
452,0.0,2015-03-29,28.5,20.4
453,0.0,2015-03-30,28.1,13.8
454,0.0,2015-03-31,26.1,10.3
455,68.2,2015-04-01,24.8,7.4
456,8.8,2015-04-02,26.7,14.3
457,38.4,2015-04-03,27.7,13.6
458,0.4,2015-04-04,28.5,14.2
459,1.8,2015-04-05,28.5,17.2
460,0.0,2015-04-06,,20.5
461,0.0,2015-04-07,28.4,14.5
462,0.0,2015-04-08,26.5,21.5
463,0.0,2015-04-09,26.9,21.1
464,0.0,2015-04-10,27.2,19.0
465,0.0,2015-04-11,26.5,16.0
466,0.0,2015-04-12,28.7,19.5
467,0.0,2015-04-13,27.0,16.8
468,0.0,2015-04-14,26.6,15.9
469,0.0,2015-04-15,26.3,13.9
470,0.2,2015-04-16,28.2,18.1
471,0.0,2015-04-17,28.0,17.8
472,3.4,2015-04-18,27.7,15.3
473,0.4,2015-04-19,29.0,16.1
474,14.6,2015-04-20,21.3,3.8
475,2.0,2015-04-21,21.3,18.5
476,0.2,2015-04-22,23.8,18.8
477,0.0,2015-04-23,25.7,18.8
478,0.0,2015-04-24,28.3,17.6
479,0.0,2015-04-25,29.4,18.2
480,0.0,2015-04-26,23.4,19.0
481,0.0,2015-04-27,25.2,18.1
482,0.0,2015-04-28,25.2,17.0
483,,2015-04-29,23.6,13.3
484,7.8,2015-04-30,18.0,3.7
485,56.2,2015-05-01,21.0,3.7
486,182.6,2015-05-02,24.9,16.8
487,0.0,2015-05-03,24.2,13.2
488,0.0,2015-05-04,27.3,16.1
489,0.0,2015-05-05,,15.9
490,,2015-05-06,29.6,16.4
491,0.0,2015-05-07,26.1,16.3
492,,2015-05-08,24.4,16.4
493,0.0,2015-05-09,23.7,14.4
494,0.0,2015-05-10,25.1,16.3
495,0.0,2015-05-11,26.0,16.3
496,0.0,2015-05-12,25.9,15.9
497,0.0,2015-05-13,24.9,16.0
498,0.0,2015-05-14,20.9,16.1
499,0.0,2015-05-15,24.1,14.5
500,0.0,2015-05-16,24.0,11.8
501,1.0,2015-05-17,23.0,11.3
502,6.6,2015-05-18,22.9,8.7
503,0.8,2015-05-19,22.7,9.5
504,0.0,2015-05-20,26.8,13.2
505,0.2,2015-05-21,25.2,9.2
506,1.4,2015-05-22,19.9,15.1
507,0.0,2015-05-23,22.8,13.9
508,0.0,2015-05-24,23.6,14.3
509,0.0,2015-05-25,23.5,12.3
510,0.0,2015-05-26,,12.1
511,,2015-05-27,24.3,12.5
512,0.0,2015-05-28,25.1,13.8
513,0.0,2015-05-29,25.5,13.6
514,0.0,2015-05-30,27.6,13.4
515,0.0,2015-05-31,26.1,9.5
516,0.0,2015-06-01,20.5,9.0
517,0.0,2015-06-02,19.5,14.8
518,0.0,2015-06-03,19.7,12.6
519,0.0,2015-06-04,22.3,14.2
520,0.0,2015-06-05,21.4,14.2
521,0.0,2015-06-06,22.1,13.0
522,0.0,2015-06-07,22.8,13.5
523,0.2,2015-06-08,24.5,12.8
524,0.0,2015-06-09,24.2,11.6
525,0.0,2015-06-10,24.2,12.8
526,0.0,2015-06-11,21.8,8.0
527,4.6,2015-06-12,20.1,9.3
528,1.2,2015-06-13,21.4,10.9
529,4.2,2015-06-14,22.2,10.4
530,4.0,2015-06-15,23.2,10.3
531,1.0,2015-06-16,21.5,7.6
532,3.4,2015-06-17,21.0,4.6
533,2.4,2015-06-18,22.7,13.5
534,0.0,2015-06-19,21.6,13.2
535,0.0,2015-06-20,20.9,13.8
536,0.0,2015-06-21,21.1,13.6
537,0.0,2015-06-22,20.5,10.0
538,0.0,2015-06-23,20.6,10.1
539,0.0,2015-06-24,19.6,9.6
540,0.0,2015-06-25,19.6,8.2
541,0.2,2015-06-26,22.7,12.4
542,0.0,2015-06-27,22.6,11.0
543,2.4,2015-06-28,22.2,10.5
544,7.0,2015-06-29,18.4,7.3
545,4.0,2015-06-30,23.1,12.3
546,0.2,2015-07-01,23.3,12.7
547,0.0,2015-07-02,19.6,13.0
548,0.0,2015-07-03,20.7,14.1
549,0.0,2015-07-04,21.3,13.5
550,0.0,2015-07-05,22.8,13.6
551,0.0,2015-07-06,24.1,14.0
552,0.0,2015-07-07,23.0,14.5
553,0.0,2015-07-08,20.4,10.8
554,0.0,2015-07-09,19.4,9.8
555,0.2,2015-07-10,20.2,10.2
556,0.4,2015-07-11,21.2,11.3
557,0.6,2015-07-12,18.3,14.9
558,0.2,2015-07-13,18.2,14.4
559,0.0,2015-07-14,19.2,14.8
560,0.0,2015-07-15,18.2,12.0
561,0.0,2015-07-16,17.4,11.0
562,0.0,2015-07-17,16.1,14.9
563,0.0,2015-07-18,19.4,15.0
564,0.0,2015-07-19,19.3,11.8
565,0.0,2015-07-20,20.9,12.9
566,0.2,2015-07-21,21.6,10.3
567,2.8,2015-07-22,18.7,8.9
568,4.4,2015-07-23,23.1,10.8
569,0.0,2015-07-24,24.4,10.4
570,0.0,2015-07-25,24.3,11.8
571,0.2,2015-07-26,25.1,13.3
572,0.0,2015-07-27,22.9,13.9
573,0.0,2015-07-28,21.4,15.5
574,0.0,2015-07-29,21.7,15.7
575,0.0,2015-07-30,22.8,15.2
576,0.0,2015-07-31,24.1,14.8
577,0.0,2015-08-01,23.6,15.9
578,0.0,2015-08-02,25.7,16.0
579,0.0,2015-08-03,26.7,15.8
580,0.0,2015-08-04,21.8,12.2
581,0.0,2015-08-05,19.1,17.0
582,0.0,2015-08-06,21.1,16.7
583,0.0,2015-08-07,21.4,16.6
584,0.0,2015-08-08,22.1,17.0
585,0.0,2015-08-09,22.5,16.0
586,0.0,2015-08-10,23.0,16.8
587,0.0,2015-08-11,26.4,17.2
588,0.2,2015-08-12,28.4,13.2
589,3.6,2015-08-13,22.3,17.9
590,0.0,2015-08-14,23.0,17.7
591,0.0,2015-08-15,22.6,15.4
592,0.0,2015-08-16,21.7,12.3
593,0.0,2015-08-17,23.4,15.6
594,0.0,2015-08-18,24.2,18.1
595,0.0,2015-08-19,22.8,14.6
596,0.0,2015-08-20,22.1,11.5
597,0.4,2015-08-21,22.4,11.6
598,2.2,2015-08-22,24.5,15.1
599,0.0,2015-08-23,24.1,10.9
600,0.0,2015-08-24,25.3,12.6
601,2.2,2015-08-25,29.1,16.3
602,0.0,2015-08-26,28.5,16.7
603,0.0,2015-08-27,23.9,6.0
604,5.0,2015-08-28,24.7,16.6
605,0.2,2015-08-29,22.9,12.8
606,13.6,2015-08-30,23.2,19.8
607,0.2,2015-08-31,23.7,19.8
608,0.0,2015-09-01,25.1,20.5
609,,2015-09-02,25.1,18.2
610,2.4,2015-09-03,25.3,18.4
611,0.2,2015-09-04,24.9,18.0
612,0.0,2015-09-05,23.6,16.6
613,0.0,2015-09-06,24.0,14.1
614,0.0,2015-09-07,25.5,16.2
615,0.0,2015-09-08,28.1,18.5
616,0.0,2015-09-09,25.6,21.5
617,0.0,2015-09-10,25.0,18.7
618,0.0,2015-09-11,21.6,12.5
619,0.0,2015-09-12,24.5,16.8
620,0.0,2015-09-13,25.4,17.8
621,0.0,2015-09-14,25.4,15.4
622,0.0,2015-09-15,25.6,18.0
623,0.0,2015-09-16,27.4,21.1
624,10.2,2015-09-17,19.9,6.8
625,18.0,2015-09-18,22.8,16.4
626,0.6,2015-09-19,24.0,19.3
627,0.0,2015-09-20,23.3,16.9
628,1.6,2015-09-21,24.3,17.5
629,0.0,2015-09-22,29.4,21.1
630,0.0,2015-09-23,23.5,16.8
631,0.6,2015-09-24,23.1,23.4
632,0.2,2015-09-25,23.4,15.8
633,0.0,2015-09-26,23.1,15.4
634,0.4,2015-09-27,24.1,20.0
635,12.2,2015-09-28,24.8,22.2
636,0.0,2015-09-29,25.7,18.4
637,7.8,2015-09-30,26.6,23.7
638,0.0,2015-10-01,27.7,23.5
639,0.0,2015-10-02,29.3,25.0
640,0.0,2015-10-03,27.8,25.0
641,0.0,2015-10-04,29.0,25.4
642,0.0,2015-10-05,33.8,25.5
643,0.0,2015-10-06,30.7,25.7
644,0.0,2015-10-07,28.3,25.6
645,0.0,2015-10-08,25.7,14.6
646,5.8,2015-10-09,25.1,14.6
647,0.2,2015-10-10,25.6,19.0
648,0.0,2015-10-11,25.9,23.9
649,0.0,2015-10-12,27.4,25.4
650,0.0,2015-10-13,28.0,22.3
651,0.2,2015-10-14,27.3,22.3
652,4.4,2015-10-15,26.9,20.4
653,0.0,2015-10-16,26.6,22.2
654,0.0,2015-10-17,27.6,25.7
655,0.0,2015-10-18,27.1,20.9
656,0.0,2015-10-19,26.5,21.3
657,0.0,2015-10-20,26.8,22.3
658,0.0,2015-10-21,27.2,26.6
659,0.0,2015-10-22,29.3,19.1
660,20.8,2015-10-23,27.3,24.1
661,0.0,2015-10-24,24.3,9.0
662,1.2,2015-10-25,25.4,15.5
663,0.0,2015-10-26,28.4,24.4
664,4.8,2015-10-27,30.7,25.2
665,13.2,2015-10-28,22.3,7.2
666,5.0,2015-10-29,23.1,8.4
667,0.2,2015-10-30,24.1,12.6
668,0.0,2015-10-31,25.2,18.8
669,0.0,2015-11-01,27.0,24.6
670,0.0,2015-11-02,29.5,26.5
671,0.0,2015-11-03,30.5,28.0
672,11.6,2015-11-04,29.8,25.2
673,0.0,2015-11-05,29.1,18.2
674,19.0,2015-11-06,29.3,20.0
675,0.0,2015-11-07,33.3,25.5
676,0.4,2015-11-08,25.0,11.4
677,14.0,2015-11-09,25.9,20.4
678,0.0,2015-11-10,26.6,27.3
679,0.0,2015-11-11,26.5,18.1
680,0.0,2015-11-12,26.4,18.9
681,0.0,2015-11-13,28.1,26.4
682,1.0,2015-11-14,26.7,12.1
683,10.6,2015-11-15,27.3,19.0
684,0.2,2015-11-16,27.0,20.3
685,0.6,2015-11-17,26.0,23.2
686,0.0,2015-11-18,28.2,30.2
687,0.0,2015-11-19,33.4,30.2
688,0.0,2015-11-20,30.9,30.4
689,0.0,2015-11-21,33.3,29.9
690,0.0,2015-11-22,28.4,6.5
691,0.0,2015-11-23,29.9,25.3
692,0.0,2015-11-24,30.5,19.8
693,0.0,2015-11-25,31.0,23.0
694,0.0,2015-11-26,31.8,29.9
695,0.0,2015-11-27,31.1,28.4
696,0.0,2015-11-28,30.4,19.0
697,0.2,2015-11-29,31.0,23.6
698,16.6,2015-11-30,31.8,26.5
699,0.0,2015-12-01,31.3,25.1
700,0.4,2015-12-02,27.9,4.0
701,2.0,2015-12-03,27.9,18.5
702,0.2,2015-12-04,25.6,16.7
703,0.0,2015-12-05,28.4,26.9
704,0.0,2015-12-06,29.1,28.5
705,0.0,2015-12-07,29.8,28.8
706,0.0,2015-12-08,30.7,27.5
707,0.0,2015-12-09,30.8,21.8
708,0.0,2015-12-10,32.3,24.0
709,0.6,2015-12-11,32.5,26.6
710,1.0,2015-12-12,22.4,2.9
711,9.8,2015-12-13,27.3,12.3
712,0.8,2015-12-14,29.1,30.1
713,0.0,2015-12-15,29.9,25.8
714,0.0,2015-12-16,27.3,9.0
715,3.8,2015-12-17,29.7,24.2
716,3.2,2015-12-18,28.6,19.8
717,0.0,2015-12-19,28.7,28.1
718,0.0,2015-12-20,30.1,28.9
719,0.0,2015-12-21,31.2,31.0
720,0.0,2015-12-22,30.5,21.9
721,0.0,2015-12-23,30.6,26.7
722,3.2,2015-12-24,28.1,8.2
723,9.2,2015-12-25,28.4,20.4
724,0.4,2015-12-26,32.0,29.1
725,0.8,2015-12-27,31.2,13.3
726,0.8,2015-12-28,29.0,14.6
727,0.0,2015-12-29,26.5,15.5
728,0.0,2015-12-30,29.8,25.5
729,0.0,2015-12-31,29.9,26.5
730,0.0,2016-01-01,30.8,25.5
731,0.0,2016-01-02,30.1,29.9
732,0.0,2016-01-03,28.0,14.9
733,8.8,2016-01-04,26.8,10.6
734,23.2,2016-01-05,,3.4
735,,2016-01-06,32.5,30.1
736,0.0,2016-01-07,30.0,26.9
737,0.0,2016-01-08,29.5,22.6
738,0.0,2016-01-09,30.3,27.4
739,0.0,2016-01-10,30.7,26.6
740,0.0,2016-01-11,30.4,30.6
741,0.0,2016-01-12,31.4,30.3
742,0.0,2016-01-13,30.9,29.6
743,0.0,2016-01-14,31.1,29.0
744,0.0,2016-01-15,31.9,25.3
745,1.0,2016-01-16,26.4,6.4
746,0.0,2016-01-17,28.3,22.9
747,0.0,2016-01-18,28.6,22.7
748,0.0,2016-01-19,29.9,28.5
749,0.0,2016-01-20,30.5,30.4
750,0.0,2016-01-21,30.7,29.8
751,0.0,2016-01-22,32.7,27.6
752,0.0,2016-01-23,30.1,7.1
753,10.2,2016-01-24,31.8,21.9
754,0.0,2016-01-25,30.8,18.0
755,2.0,2016-01-26,28.5,7.2
756,0.4,2016-01-27,29.4,15.9
757,0.2,2016-01-28,29.9,5.8
758,1.8,2016-01-29,35.7,18.6
759,1.2,2016-01-30,30.8,8.6
760,2.6,2016-01-31,34.0,21.8
761,0.0,2016-02-01,35.0,24.1
762,0.0,2016-02-02,36.2,13.5
763,0.2,2016-02-03,34.1,16.5
764,,2016-02-04,27.4,3.6
765,,2016-02-05,27.0,9.8
766,1.2,2016-02-06,29.9,18.3
767,7.8,2016-02-07,28.6,12.5
768,0.2,2016-02-08,30.9,23.6
769,0.0,2016-02-09,30.4,24.9
770,0.0,2016-02-10,30.9,23.6
771,0.0,2016-02-11,31.0,24.8
772,0.0,2016-02-12,30.6,25.4
773,0.0,2016-02-13,28.9,14.5
774,0.2,2016-02-14,32.5,26.1
775,0.0,2016-02-15,34.3,28.1
776,0.0,2016-02-16,36.0,27.7
777,0.0,2016-02-17,33.8,23.6
778,0.0,2016-02-18,32.6,26.2
779,0.4,2016-02-19,32.7,18.9
780,3.6,2016-02-20,32.3,23.0
781,0.0,2016-02-21,31.8,26.6
782,0.2,2016-02-22,31.8,25.6
783,0.0,2016-02-23,31.7,23.6
784,0.0,2016-02-24,32.0,22.7
785,0.0,2016-02-25,31.9,26.8
786,0.0,2016-02-26,32.8,26.0
787,0.0,2016-02-27,35.5,26.3
788,0.0,2016-02-28,32.9,15.3
789,0.0,2016-02-29,32.9,20.2
790,0.4,2016-03-01,30.5,13.5
791,20.8,2016-03-02,29.8,18.1
792,6.6,2016-03-03,30.3,20.6
793,0.4,2016-03-04,29.9,18.3
794,0.0,2016-03-05,28.6,13.1
795,1.8,2016-03-06,30.5,18.4
796,3.2,2016-03-07,30.4,16.5
797,1.2,2016-03-08,30.1,14.9
798,6.2,2016-03-09,27.2,15.8
799,6.8,2016-03-10,30.9,19.1
800,4.4,2016-03-11,28.2,11.4
801,0.0,2016-03-12,30.8,22.0
802,7.0,2016-03-13,28.0,13.3
803,16.4,2016-03-14,30.0,18.7
804,0.0,2016-03-15,31.4,20.4
805,1.4,2016-03-16,30.3,15.9
806,0.2,2016-03-17,29.3,16.4
807,0.0,2016-03-18,30.9,21.7
808,6.8,2016-03-19,33.5,18.6
809,0.2,2016-03-20,29.7,13.0
810,0.0,2016-03-21,28.9,14.1
811,0.0,2016-03-22,28.8,16.7
812,0.4,2016-03-23,29.4,21.1
813,2.8,2016-03-24,30.1,18.4
814,0.0,2016-03-25,30.4,20.6
815,0.0,2016-03-26,30.8,21.4
816,3.4,2016-03-27,25.7,9.5
817,0.4,2016-03-28,28.9,15.8
818,0.2,2016-03-29,30.7,21.7
819,0.0,2016-03-30,31.9,17.9
820,26.4,2016-03-31,31.9,19.9
821,0.0,2016-04-01,29.5,18.6
822,0.0,2016-04-02,30.4,20.8
823,0.0,2016-04-03,30.1,21.2
824,0.0,2016-04-04,30.0,18.3
825,0.0,2016-04-05,29.1,20.3
826,0.0,2016-04-06,29.6,20.3
827,0.0,2016-04-07,30.8,20.9
828,0.0,2016-04-08,29.8,15.7
829,0.0,2016-04-09,30.1,18.1
830,0.0,2016-04-10,29.7,19.6
831,0.0,2016-04-11,30.5,9.1
832,0.0,2016-04-12,27.6,9.7
833,0.0,2016-04-13,28.5,16.7
834,1.4,2016-04-14,27.3,12.7
835,0.6,2016-04-15,26.5,13.6
836,0.4,2016-04-16,27.3,15.8
837,0.0,2016-04-17,28.2,16.0
838,0.0,2016-04-18,28.3,17.0
839,0.0,2016-04-19,28.7,15.8
840,0.0,2016-04-20,30.1,15.7
841,0.0,2016-04-21,27.7,10.8
842,4.0,2016-04-22,30.4,18.2
843,0.0,2016-04-23,30.1,16.3
844,0.0,2016-04-24,28.4,16.1
845,0.0,2016-04-25,27.6,13.5
846,1.8,2016-04-26,26.9,13.0
847,0.0,2016-04-27,27.1,13.6
848,1.4,2016-04-28,28.3,13.1
849,0.6,2016-04-29,25.6,7.3
850,2.6,2016-04-30,29.3,14.2
851,1.4,2016-05-01,24.6,6.7
852,15.0,2016-05-02,27.4,12.4
853,10.6,2016-05-03,29.6,16.6
854,0.0,2016-05-04,28.9,17.6
855,0.0,2016-05-05,28.0,16.7
856,0.0,2016-05-06,28.5,16.6
857,0.0,2016-05-07,27.7,15.7
858,0.0,2016-05-08,27.3,14.4
859,0.6,2016-05-09,28.2,14.1
860,0.0,2016-05-10,28.4,10.0
861,0.0,2016-05-11,25.6,10.8
862,0.0,2016-05-12,26.4,16.8
863,0.0,2016-05-13,27.0,16.7
864,0.0,2016-05-14,26.9,14.3
865,0.0,2016-05-15,27.3,16.5
866,0.0,2016-05-16,28.1,15.2
867,0.0,2016-05-17,28.0,15.2
868,0.0,2016-05-18,27.7,15.1
869,0.0,2016-05-19,27.7,11.9
870,0.0,2016-05-20,29.2,15.0
871,0.0,2016-05-21,26.6,13.5
872,0.0,2016-05-22,26.5,10.2
873,0.0,2016-05-23,28.1,14.7
874,0.0,2016-05-24,27.4,14.7
875,0.0,2016-05-25,25.6,14.6
876,0.0,2016-05-26,28.2,14.5
877,0.0,2016-05-27,25.6,14.2
878,0.0,2016-05-28,23.6,14.4
879,0.0,2016-05-29,23.8,14.0
880,0.0,2016-05-30,23.7,14.2
881,0.0,2016-05-31,24.9,12.1
882,0.0,2016-06-01,22.4,8.9
883,0.0,2016-06-02,20.6,10.1
884,1.2,2016-06-03,21.2,9.0
885,48.6,2016-06-04,21.6,4.1
886,88.2,2016-06-05,19.5,13.5
887,0.0,2016-06-06,18.7,10.1
888,0.0,2016-06-07,22.4,14.0
889,0.0,2016-06-08,24.0,14.0
890,0.0,2016-06-09,28.1,13.9
891,0.0,2016-06-10,25.2,13.8
892,0.0,2016-06-11,23.7,12.9
893,0.0,2016-06-12,21.8,8.7
894,1.2,2016-06-13,20.6,10.7
895,2.0,2016-06-14,23.0,11.7
896,1.6,2016-06-15,21.4,10.1
897,2.4,2016-06-16,23.2,11.0
898,0.0,2016-06-17,22.9,11.8
899,0.0,2016-06-18,22.5,8.3
900,3.8,2016-06-19,22.5,4.6
901,110.6,2016-06-20,20.5,13.2
902,0.2,2016-06-21,20.6,12.7
903,0.0,2016-06-22,21.5,9.2
904,2.4,2016-06-23,19.0,6.0
905,0.0,2016-06-24,23.5,12.3
906,0.2,2016-06-25,18.1,13.9
907,0.0,2016-06-26,17.3,10.3
908,1.0,2016-06-27,17.4,7.7
909,1.2,2016-06-28,18.5,14.0
910,0.2,2016-06-29,21.7,14.0
911,0.0,2016-06-30,22.4,12.8
912,0.0,2016-07-01,22.6,14.0
913,0.0,2016-07-02,21.6,14.1
914,0.0,2016-07-03,22.1,14.1
915,0.0,2016-07-04,22.7,13.6
916,2.0,2016-07-05,19.4,5.9
917,6.8,2016-07-06,16.6,14.2
918,0.2,2016-07-07,20.2,14.3
919,0.0,2016-07-08,23.1,14.3
920,0.0,2016-07-09,23.0,14.4
921,0.0,2016-07-10,23.6,14.4
922,0.0,2016-07-11,21.3,9.9
923,0.0,2016-07-12,23.5,8.2
924,0.2,2016-07-13,21.1,12.7
925,0.0,2016-07-14,17.8,9.9
926,0.0,2016-07-15,18.9,11.7
927,0.0,2016-07-16,18.2,4.9
928,12.6,2016-07-17,23.1,11.2
929,6.0,2016-07-18,23.5,11.0
930,0.4,2016-07-19,24.7,14.4
931,0.0,2016-07-20,25.6,14.0
932,0.0,2016-07-21,27.1,14.4
933,0.0,2016-07-22,27.6,14.8
934,0.0,2016-07-23,29.1,14.8
935,0.0,2016-07-24,22.8,15.4
936,0.0,2016-07-25,23.0,15.3
937,0.0,2016-07-26,19.4,11.0
938,0.0,2016-07-27,20.3,8.2
939,0.0,2016-07-28,22.6,15.6
940,0.0,2016-07-29,24.0,15.9
941,0.0,2016-07-30,23.4,16.0
942,0.0,2016-07-31,24.5,16.1
943,0.0,2016-08-01,25.6,16.1
944,0.0,2016-08-02,23.8,9.6
945,8.6,2016-08-03,19.3,16.1
946,0.8,2016-08-04,20.8,11.3
947,0.2,2016-08-05,20.9,14.2
948,0.0,2016-08-06,22.4,14.1
949,0.0,2016-08-07,22.4,15.9
950,0.0,2016-08-08,22.8,15.0
951,0.0,2016-08-09,23.3,16.0
952,0.0,2016-08-10,24.4,16.9
953,0.0,2016-08-11,26.4,15.6
954,5.0,2016-08-12,22.7,15.3
955,0.0,2016-08-13,23.7,16.4
956,0.0,2016-08-14,23.6,17.2
957,0.2,2016-08-15,22.7,13.7
958,0.2,2016-08-16,22.9,16.5
959,0.0,2016-08-17,22.7,15.3
960,1.0,2016-08-18,21.4,11.7
961,0.4,2016-08-19,23.3,16.3
962,0.0,2016-08-20,25.3,13.8
963,4.4,2016-08-21,22.9,18.5
964,0.2,2016-08-22,24.5,16.6
965,0.0,2016-08-23,26.3,15.0
966,1.0,2016-08-24,21.8,4.9
967,9.6,2016-08-25,20.8,19.1
968,0.0,2016-08-26,21.0,16.3
969,0.0,2016-08-27,21.8,19.3
970,0.0,2016-08-28,23.7,19.5
971,0.0,2016-08-29,23.7,19.1
972,0.0,2016-08-30,23.3,17.8
973,0.0,2016-08-31,23.7,12.9
974,0.0,2016-09-01,26.1,15.9
975,0.0,2016-09-02,25.6,14.9
976,9.6,2016-09-03,23.2,19.7
977,0.0,2016-09-04,24.2,20.4
978,0.0,2016-09-05,23.3,17.4
979,0.2,2016-09-06,23.3,15.5
980,0.0,2016-09-07,23.7,11.7
981,0.2,2016-09-08,24.4,18.2
982,0.0,2016-09-09,22.2,8.7
983,7.2,2016-09-10,23.3,11.7
984,14.0,2016-09-11,24.0,21.4
985,0.0,2016-09-12,25.3,20.8
986,0.0,2016-09-13,26.5,19.6
987,0.0,2016-09-14,25.9,19.4
988,0.0,2016-09-15,26.7,9.4
989,3.0,2016-09-16,25.7,19.7
990,0.2,2016-09-17,25.5,19.9
991,3.0,2016-09-18,22.5,8.1
992,3.4,2016-09-19,22.3,13.5
993,0.0,2016-09-20,25.3,21.2
994,0.6,2016-09-21,21.4,6.1
995,4.6,2016-09-22,24.7,21.3
996,0.0,2016-09-23,25.2,23.5
997,0.0,2016-09-24,26.3,23.5
998,0.0,2016-09-25,28.8,19.0
999,0.0,2016-09-26,27.6,23.8
1000,0.0,2016-09-27,26.6,20.8
1001,0.0,2016-09-28,27.0,24.0
1002,0.0,2016-09-29,24.1,7.3
1003,5.8,2016-09-30,25.7,24.4
1004,0.2,2016-10-01,27.0,24.7
1005,0.0,2016-10-02,26.9,24.5
1006,0.0,2016-10-03,26.7,7.5
1007,16.2,2016-10-04,26.2,24.9
1008,0.0,2016-10-05,28.7,25.3
1009,0.0,2016-10-06,29.1,25.4
1010,0.0,2016-10-07,29.0,25.3
1011,0.0,2016-10-08,32.2,25.3
1012,0.0,2016-10-09,25.5,14.0
1013,0.0,2016-10-10,26.4,24.8
1014,0.0,2016-10-11,29.2,21.7
1015,0.0,2016-10-12,24.5,21.3
1016,0.0,2016-10-13,26.1,20.2
1017,0.0,2016-10-14,23.4,19.9
1018,0.0,2016-10-15,24.1,23.1
1019,0.0,2016-10-16,25.4,26.6
1020,0.0,2016-10-17,28.3,21.8
1021,10.8,2016-10-18,25.7,27.1
1022,0.0,2016-10-19,29.4,27.2
1023,0.0,2016-10-20,27.0,22.3
1024,0.0,2016-10-21,26.8,26.2
1025,0.0,2016-10-22,27.6,21.6
1026,3.0,2016-10-23,21.6,11.8
1027,0.0,2016-10-24,25.3,27.5
1028,0.0,2016-10-25,27.5,27.5
1029,0.0,2016-10-26,28.0,27.7
1030,0.0,2016-10-27,29.2,25.9
1031,0.0,2016-10-28,28.6,25.9
1032,0.0,2016-10-29,28.2,25.6
1033,0.0,2016-10-30,27.7,27.7
1034,0.0,2016-10-31,28.3,13.8
1035,1.4,2016-11-01,26.3,10.7
1036,1.2,2016-11-02,28.9,28.8
1037,0.0,2016-11-03,27.5,21.5
1038,0.0,2016-11-04,29.3,28.8
1039,0.0,2016-11-05,34.4,29.1
1040,0.0,2016-11-06,33.3,29.2
1041,0.0,2016-11-07,28.9,24.9
1042,0.0,2016-11-08,32.5,25.9
1043,1.0,2016-11-09,31.7,25.7
1044,3.6,2016-11-10,32.5,25.7
1045,0.0,2016-11-11,31.8,27.0
1046,0.0,2016-11-12,31.6,19.4
1047,19.6,2016-11-13,36.0,22.8
1048,0.2,2016-11-14,30.1,28.1
1049,0.0,2016-11-15,27.4,26.0
1050,0.0,2016-11-16,28.1,29.0
1051,0.0,2016-11-17,28.3,25.5
1052,0.0,2016-11-18,27.3,27.2
1053,0.0,2016-11-19,28.1,21.2
1054,0.0,2016-11-20,28.6,30.0
1055,0.0,2016-11-21,29.7,30.2
1056,0.0,2016-11-22,28.8,28.7
1057,0.0,2016-11-23,31.2,28.2
1058,0.0,2016-11-24,35.1,30.5
1059,0.0,2016-11-25,29.0,28.4
1060,0.0,2016-11-26,27.0,15.2
1061,1.0,2016-11-27,29.7,26.7
1062,0.0,2016-11-28,29.9,29.3
1063,0.0,2016-11-29,30.7,30.8
1064,0.0,2016-11-30,31.3,26.7
1065,16.6,2016-12-01,30.2,27.2
1066,0.4,2016-12-02,30.4,31.0
1067,0.0,2016-12-03,30.8,20.8
1068,21.2,2016-12-04,30.3,31.0
1069,0.0,2016-12-05,30.3,30.3
1070,5.4,2016-12-06,33.8,24.2
1071,11.0,2016-12-07,31.3,16.0
1072,20.4,2016-12-08,28.4,8.8
1073,3.2,2016-12-09,28.6,4.5
1074,1.4,2016-12-10,27.7,20.0
1075,0.0,2016-12-11,27.2,20.5
1076,0.0,2016-12-12,28.1,27.9
1077,0.0,2016-12-13,28.8,30.6
1078,0.0,2016-12-14,29.5,30.2
1079,0.0,2016-12-15,30.6,31.4
1080,0.0,2016-12-16,30.0,26.3
1081,0.0,2016-12-17,31.0,31.1
1082,1.6,2016-12-18,32.3,20.0
1083,12.4,2016-12-19,27.8,16.8
1084,0.2,2016-12-20,29.6,21.9
1085,0.0,2016-12-21,34.1,25.9
1086,0.6,2016-12-22,31.5,20.9
1087,0.0,2016-12-23,27.7,13.0
1088,0.0,2016-12-24,29.2,26.7
1089,0.0,2016-12-25,27.5,11.2
1090,6.0,2016-12-26,29.3,24.0
1091,1.4,2016-12-27,28.9,24.4
1092,0.2,2016-12-28,29.8,30.6
1093,0.0,2016-12-29,30.8,30.3
1094,0.0,2016-12-30,32.4,31.3
1095,0.0,2016-12-31,33.9,31.4
1096,0.0,2017-01-01,34.7,31.1
1097,0.0,2017-01-02,32.5,27.3
1098,98.0,2017-01-03,26.8,7.7
1099,0.6,2017-01-04,29.6,19.7
1100,0.0,2017-01-05,29.4,15.9
1101,0.4,2017-01-06,28.6,17.6
1102,23.4,2017-01-07,28.5,22.9
1103,0.2,2017-01-08,29.2,26.2
1104,0.0,2017-01-09,30.0,26.2
1105,0.0,2017-01-10,31.2,28.0
1106,0.0,2017-01-11,32.3,28.5
1107,0.0,2017-01-12,35.6,27.8
1108,0.2,2017-01-13,33.3,28.3
1109,0.0,2017-01-14,35.0,30.8
1110,0.0,2017-01-15,32.0,7.6
1111,83.2,2017-01-16,31.2,27.6
1112,0.2,2017-01-17,31.9,29.3
1113,0.0,2017-01-18,35.0,30.8
1114,0.0,2017-01-19,30.9,17.3
1115,0.0,2017-01-20,32.3,26.3
1116,0.0,2017-01-21,33.6,15.3
1117,2.4,2017-01-22,29.1,22.7
1118,0.0,2017-01-23,29.2,23.6
1119,0.0,2017-01-24,32.2,30.4
1120,0.0,2017-01-25,31.4,30.2
1121,0.0,2017-01-26,32.3,27.7
1122,3.2,2017-01-27,29.1,6.8
1123,6.6,2017-01-28,30.6,25.0
1124,0.0,2017-01-29,31.8,28.9
1125,0.0,2017-01-30,,26.9
1126,,2017-01-31,32.5,29.6
1127,0.0,2017-02-01,32.9,29.7
1128,0.0,2017-02-02,32.9,29.6
1129,0.0,2017-02-03,32.4,26.7
1130,0.0,2017-02-04,32.8,28.5
1131,0.0,2017-02-05,32.8,25.4
1132,0.0,2017-02-06,33.0,28.4
1133,,2017-02-07,32.8,27.0
1134,0.0,2017-02-08,32.8,24.3
1135,4.0,2017-02-09,32.2,26.1
1136,1.4,2017-02-10,33.0,26.4
1137,0.0,2017-02-11,37.0,28.6
1138,0.0,2017-02-12,37.6,28.5
1139,0.0,2017-02-13,35.6,20.6
1140,8.6,2017-02-14,30.3,13.8
1141,0.2,2017-02-15,30.4,16.6
1142,0.0,2017-02-16,31.7,22.9
1143,0.0,2017-02-17,31.8,26.0
1144,0.0,2017-02-18,31.9,27.5
1145,1.2,2017-02-19,34.0,16.8
1146,15.2,2017-02-20,31.7,22.5
1147,0.0,2017-02-21,32.0,24.9
1148,0.0,2017-02-22,30.3,21.6
1149,0.0,2017-02-23,31.0,23.4
1150,0.0,2017-02-24,32.0,25.4
1151,0.0,2017-02-25,31.9,24.8
1152,0.0,2017-02-26,31.6,17.3
1153,0.0,2017-02-27,29.1,21.5
1154,0.0,2017-02-28,31.1,22.1
1155,0.0,2017-03-01,32.6,23.3
1156,0.4,2017-03-02,32.1,19.8
1157,0.0,2017-03-03,32.3,22.4
1158,0.0,2017-03-04,31.8,18.2
1159,2.6,2017-03-05,34.3,18.7
1160,0.2,2017-03-06,31.5,20.7
1161,0.0,2017-03-07,33.0,24.5
1162,0.0,2017-03-08,31.0,14.6
1163,0.0,2017-03-09,31.1,20.8
1164,0.0,2017-03-10,31.9,24.3
1165,0.0,2017-03-11,31.1,24.2
1166,0.4,2017-03-12,32.9,21.4
1167,0.0,2017-03-13,27.8,7.7
1168,0.0,2017-03-14,30.4,11.3
1169,2.8,2017-03-15,28.9,12.2
1170,0.2,2017-03-16,33.1,17.8
1171,0.0,2017-03-17,35.7,15.9
1172,41.8,2017-03-18,32.8,17.9
1173,11.0,2017-03-19,29.6,12.4
1174,24.2,2017-03-20,27.3,7.2
1175,90.6,2017-03-21,28.6,11.6
1176,3.8,2017-03-22,27.9,8.6
1177,0.6,2017-03-23,29.3,13.7
1178,0.8,2017-03-24,29.4,12.5
1179,10.0,2017-03-25,28.0,16.9
1180,0.2,2017-03-26,,21.0
1181,0.0,2017-03-27,30.1,18.4
1182,0.0,2017-03-28,31.3,20.7
1183,0.0,2017-03-29,29.5,11.8
1184,,2017-03-30,25.8,0.8
1185,,2017-03-31,28.3,17.4
1186,0.2,2017-04-01,29.0,20.1
1187,0.0,2017-04-02,27.7,15.0
1188,0.0,2017-04-03,25.6,13.5
1189,0.0,2017-04-04,24.5,12.6
1190,0.4,2017-04-05,25.6,17.4
1191,3.2,2017-04-06,22.7,9.9
1192,0.2,2017-04-07,26.3,19.2
1193,0.0,2017-04-08,26.2,16.2
1194,0.0,2017-04-09,27.4,16.1
1195,0.0,2017-04-10,29.0,19.7
1196,0.0,2017-04-11,27.1,19.9
1197,0.0,2017-04-12,28.3,18.0
1198,0.0,2017-04-13,26.7,14.0
1199,0.0,2017-04-14,26.8,13.9
1200,0.0,2017-04-15,26.7,16.8
1201,0.0,2017-04-16,26.6,18.0
1202,0.0,2017-04-17,26.8,14.7
1203,0.0,2017-04-18,26.6,15.5
1204,0.0,2017-04-19,26.0,15.8
1205,0.0,2017-04-20,26.2,16.4
1206,0.4,2017-04-21,,14.0
1207,,2017-04-22,24.8,12.1
1208,0.0,2017-04-23,26.4,15.7
1209,0.0,2017-04-24,26.0,14.0
1210,0.2,2017-04-25,26.9,17.0
1211,0.2,2017-04-26,23.7,6.6
1212,1.0,2017-04-27,22.6,17.6
1213,0.0,2017-04-28,25.3,15.8
1214,0.0,2017-04-29,26.3,17.4
1215,0.0,2017-04-30,25.8,15.9
1216,0.0,2017-05-01,26.8,16.0
1217,0.0,2017-05-02,27.5,16.0
1218,0.0,2017-05-03,27.5,14.0
1219,0.0,2017-05-04,23.6,12.1
1220,0.0,2017-05-05,24.8,15.3
1221,0.0,2017-05-06,24.9,15.9
1222,0.0,2017-05-07,26.4,14.8
1223,0.0,2017-05-08,22.0,8.7
1224,18.0,2017-05-09,23.5,13.5
1225,0.6,2017-05-10,19.5,4.9
1226,2.8,2017-05-11,24.7,14.2
1227,0.0,2017-05-12,23.9,12.7
1228,0.0,2017-05-13,23.1,9.5
1229,0.2,2017-05-14,21.9,9.7
1230,0.4,2017-05-15,26.4,15.6
1231,0.2,2017-05-16,26.0,15.5
1232,0.0,2017-05-17,25.0,14.4
1233,0.0,2017-05-18,23.6,9.9
1234,10.6,2017-05-19,20.7,5.7
1235,3.0,2017-05-20,25.0,13.3
1236,0.0,2017-05-21,25.8,14.5
1237,0.2,2017-05-22,25.9,13.6
1238,0.0,2017-05-23,26.9,14.9
1239,0.0,2017-05-24,27.7,14.3
1240,0.2,2017-05-25,24.9,14.5
1241,0.0,2017-05-26,25.0,14.2
1242,0.0,2017-05-27,24.6,12.3
1243,0.0,2017-05-28,25.7,14.2
1244,0.0,2017-05-29,26.4,14.5
1245,0.0,2017-05-30,25.1,14.3
1246,0.0,2017-05-31,22.4,14.4
1247,0.0,2017-06-01,21.7,14.2
1248,0.0,2017-06-02,22.8,14.3
1249,0.0,2017-06-03,23.5,13.8
1250,0.0,2017-06-04,23.8,13.3
1251,0.2,2017-06-05,23.6,14.1
1252,0.0,2017-06-06,22.6,13.9
1253,0.0,2017-06-07,20.2,14.1
1254,0.0,2017-06-08,21.8,14.0
1255,0.0,2017-06-09,23.2,12.3
1256,0.0,2017-06-10,22.9,11.2
1257,18.8,2017-06-11,21.1,6.8
1258,14.6,2017-06-12,22.4,12.3
1259,6.0,2017-06-13,18.9,5.6
1260,10.2,2017-06-14,20.3,7.2
1261,24.8,2017-06-15,22.9,11.9
1262,0.0,2017-06-16,24.1,10.8
1263,0.0,2017-06-17,24.6,11.4
1264,0.2,2017-06-18,23.6,13.9
1265,0.0,2017-06-19,22.7,12.2
1266,0.0,2017-06-20,21.0,9.3
1267,0.0,2017-06-21,23.4,13.2
1268,0.0,2017-06-22,22.7,12.4
1269,0.0,2017-06-23,23.7,13.9
1270,0.0,2017-06-24,24.5,13.7
1271,0.0,2017-06-25,24.2,13.8
1272,0.0,2017-06-26,25.1,13.9
1273,0.0,2017-06-27,22.1,8.8
1274,0.2,2017-06-28,23.9,13.7
1275,0.0,2017-06-29,24.5,14.0
1276,5.0,2017-06-30,23.0,13.8
1277,0.2,2017-07-01,20.4,14.0
1278,0.0,2017-07-02,21.6,14.1
1279,0.0,2017-07-03,22.3,13.3
1280,0.0,2017-07-04,,13.8
1281,0.2,2017-07-05,26.4,13.9
1282,6.6,2017-07-06,23.6,14.1
1283,4.8,2017-07-07,16.4,5.6
1284,7.0,2017-07-08,21.9,14.3
1285,0.2,2017-07-09,21.5,13.5
1286,0.0,2017-07-10,21.7,11.5
1287,0.4,2017-07-11,22.8,13.7
1288,0.0,2017-07-12,21.3,13.2
1289,0.0,2017-07-13,20.8,13.2
1290,0.0,2017-07-14,22.7,14.4
1291,0.0,2017-07-15,24.6,14.4
1292,23.4,2017-07-16,23.1,12.7
1293,0.0,2017-07-17,23.2,14.5
1294,0.0,2017-07-18,26.3,14.6
1295,4.2,2017-07-19,19.1,14.8
1296,0.0,2017-07-20,20.7,15.1
1297,0.0,2017-07-21,21.6,15.2
1298,0.0,2017-07-22,21.8,15.2
1299,0.0,2017-07-23,23.2,15.3
1300,0.0,2017-07-24,25.3,15.4
1301,0.0,2017-07-25,23.8,15.5
1302,0.0,2017-07-26,25.7,15.6
1303,0.0,2017-07-27,23.3,15.6
1304,0.0,2017-07-28,26.3,15.5
1305,0.0,2017-07-29,24.8,15.8
1306,0.0,2017-07-30,24.2,15.9
1307,0.0,2017-07-31,25.6,15.6
1308,0.0,2017-08-01,23.4,16.1
1309,0.0,2017-08-02,22.7,16.0
1310,0.0,2017-08-03,22.9,14.5
1311,0.0,2017-08-04,22.5,16.4
1312,0.0,2017-08-05,23.1,16.5
1313,0.0,2017-08-06,24.9,15.7
1314,2.4,2017-08-07,26.3,16.3
1315,0.0,2017-08-08,22.8,16.8
1316,0.0,2017-08-09,24.1,17.0
1317,0.0,2017-08-10,24.1,17.1
1318,0.0,2017-08-11,26.2,17.2
1319,0.0,2017-08-12,29.0,15.0
1320,0.0,2017-08-13,26.6,17.3
1321,0.0,2017-08-14,26.9,17.1
1322,0.0,2017-08-15,27.3,17.7
1323,0.0,2017-08-16,28.6,17.8
1324,0.0,2017-08-17,32.3,17.9
1325,0.0,2017-08-18,25.9,17.9
1326,0.4,2017-08-19,20.7,18.1
1327,0.0,2017-08-20,21.8,18.2
1328,0.0,2017-08-21,22.1,16.4
1329,0.0,2017-08-22,24.9,17.2
1330,0.2,2017-08-23,26.7,16.9
1331,0.0,2017-08-24,24.4,12.3
1332,2.2,2017-08-25,22.9,16.9
1333,0.0,2017-08-26,23.9,18.9
1334,0.0,2017-08-27,23.7,17.3
1335,0.0,2017-08-28,23.0,19.3
1336,0.0,2017-08-29,22.1,19.1
1337,0.0,2017-08-30,25.8,19.5
1338,0.0,2017-08-31,23.3,17.8
1339,0.0,2017-09-01,24.2,19.3
1340,0.0,2017-09-02,24.6,19.5
1341,0.0,2017-09-03,27.1,19.8
1342,0.0,2017-09-04,28.4,19.8
1343,0.0,2017-09-05,27.5,20.4
1344,0.0,2017-09-06,27.0,20.5
1345,0.0,2017-09-07,27.1,20.6
1346,0.0,2017-09-08,26.7,20.7
1347,0.0,2017-09-09,24.9,20.6
1348,0.0,2017-09-10,23.9,20.8
1349,0.0,2017-09-11,25.7,21.1
1350,0.0,2017-09-12,27.9,21.1
1351,0.0,2017-09-13,27.1,20.5
1352,0.0,2017-09-14,23.3,19.3
1353,0.0,2017-09-15,24.6,21.7
1354,0.0,2017-09-16,27.1,21.9
1355,0.0,2017-09-17,24.4,18.1
1356,0.0,2017-09-18,24.5,21.0
1357,0.0,2017-09-19,28.1,22.3
1358,0.0,2017-09-20,25.9,22.4
1359,0.0,2017-09-21,25.9,20.8
1360,0.0,2017-09-22,28.2,21.3
1361,6.0,2017-09-23,28.6,23.2
1362,0.0,2017-09-24,29.2,23.3
1363,0.0,2017-09-25,29.9,23.5
1364,0.0,2017-09-26,30.5,17.3
1365,0.0,2017-09-27,25.5,10.8
1366,0.0,2017-09-28,30.8,23.9
1367,0.0,2017-09-29,37.0,24.2
1368,0.0,2017-09-30,34.1,24.0
1369,0.0,2017-10-01,25.9,10.8
1370,6.6,2017-10-02,22.2,6.1
1371,30.4,2017-10-03,27.1,17.9
1372,3.4,2017-10-04,28.5,17.1
1373,0.0,2017-10-05,30.1,25.1
1374,0.0,2017-10-06,30.7,23.4
1375,11.2,2017-10-07,24.1,9.6
1376,0.0,2017-10-08,27.4,17.7
1377,0.0,2017-10-09,29.1,20.3
1378,0.0,2017-10-10,33.1,25.4
1379,0.0,2017-10-11,28.8,16.0
1380,0.0,2017-10-12,25.4,5.9
1381,2.0,2017-10-13,29.9,22.6
1382,0.0,2017-10-14,27.0,10.3
1383,25.8,2017-10-15,22.6,10.9
1384,26.4,2017-10-16,22.6,8.7
1385,4.6,2017-10-17,22.8,7.2
1386,12.4,2017-10-18,23.9,12.4
1387,1.8,2017-10-19,24.6,16.3
1388,0.0,2017-10-20,26.4,18.3
1389,3.8,2017-10-21,20.4,4.2
1390,11.4,2017-10-22,,26.0
1391,2.8,2017-10-23,22.7,17.3
1392,0.2,2017-10-24,25.6,25.8
1393,0.0,2017-10-25,27.3,28.0
1394,0.0,2017-10-26,30.6,27.3
1395,0.8,2017-10-27,30.3,28.1
1396,0.0,2017-10-28,28.9,27.0
1397,0.0,2017-10-29,30.5,28.0
1398,5.2,2017-10-30,30.6,23.9
1399,0.0,2017-10-31,29.7,28.0
1400,0.0,2017-11-01,,22.7
1401,,2017-11-02,28.2,26.5
1402,0.0,2017-11-03,28.6,25.5
1403,0.0,2017-11-04,29.7,29.0
1404,0.0,2017-11-05,28.9,24.7
1405,0.0,2017-11-06,28.3,18.7
1406,4.8,2017-11-07,28.0,19.2
1407,0.0,2017-11-08,25.6,18.3
1408,1.0,2017-11-09,24.7,25.7
1409,0.0,2017-11-10,24.5,22.6
1410,2.8,2017-11-11,25.6,17.2
1411,1.0,2017-11-12,25.8,25.4
1412,0.2,2017-11-13,26.1,25.4
1413,0.0,2017-11-14,26.5,27.8
1414,0.0,2017-11-15,26.8,20.6
1415,0.0,2017-11-16,28.0,27.7
1416,0.0,2017-11-17,27.0,23.6
1417,9.0,2017-11-18,24.1,4.7
1418,28.4,2017-11-19,24.0,15.6
1419,5.8,2017-11-20,26.5,25.6
1420,1.8,2017-11-21,25.9,23.4
1421,0.4,2017-11-22,25.5,21.4
1422,0.0,2017-11-23,26.5,23.9
1423,1.2,2017-11-24,28.8,28.4
1424,0.0,2017-11-25,28.7,24.2
1425,0.0,2017-11-26,29.5,
1426,0.0,2017-11-27,29.0,26.4
1427,0.0,2017-11-28,29.2,24.0
1428,18.2,2017-11-29,26.7,5.4
1429,28.0,2017-11-30,27.5,20.7
1430,0.2,2017-12-01,28.0,29.0
1431,0.0,2017-12-02,29.4,25.5
1432,0.8,2017-12-03,30.4,19.7
1433,0.0,2017-12-04,28.0,7.6
1434,23.6,2017-12-05,30.5,21.2
1435,,2017-12-06,31.8,31.2
1436,0.0,2017-12-07,33.1,30.4
1437,0.0,2017-12-08,31.0,16.8
1438,0.2,2017-12-09,30.2,28.9
1439,4.2,2017-12-10,28.9,25.8
1440,0.0,2017-12-11,29.4,26.8
1441,0.0,2017-12-12,29.4,27.4
1442,0.0,2017-12-13,28.9,26.1
1443,0.0,2017-12-14,29.9,30.5
1444,0.0,2017-12-15,30.3,30.9
1445,0.8,2017-12-16,30.6,28.8
1446,0.2,2017-12-17,30.3,28.3
1447,0.0,2017-12-18,29.2,29.4
1448,0.0,2017-12-19,31.1,30.5
1449,0.0,2017-12-20,31.7,30.7
1450,0.0,2017-12-21,32.9,30.0
1451,0.4,2017-12-22,,20.6
1452,,2017-12-23,31.7,29.6
1453,0.0,2017-12-24,33.0,31.5
1454,0.0,2017-12-25,36.2,29.9
1455,54.8,2017-12-26,29.7,19.5
1456,3.0,2017-12-27,29.6,22.6
1457,0.6,2017-12-28,29.4,20.6
1458,9.0,2017-12-29,30.4,29.7
1459,,2017-12-30,32.2,24.7
1460,0.0,2017-12-31,33.6,16.5
1461,0.4,2018-01-01,32.1,21.7
1462,0.0,2018-01-02,30.8,13.6
1463,4.8,2018-01-03,31.2,24.9
1464,0.0,2018-01-04,29.5,21.5
1465,0.0,2018-01-05,29.5,22.3
1466,0.0,2018-01-06,31.1,30.8
1467,,2018-01-07,31.5,31.3
1468,,2018-01-08,32.4,31.3
1469,0.0,2018-01-09,32.1,30.7
1470,0.0,2018-01-10,32.3,30.8
1471,0.0,2018-01-11,31.4,28.3
1472,,2018-01-12,32.6,27.5
1473,0.0,2018-01-13,35.6,29.8
1474,0.2,2018-01-14,37.5,28.2
1475,0.0,2018-01-15,30.3,29.1
1476,,2018-01-16,31.1,30.1
1477,0.0,2018-01-17,29.4,30.8
1478,0.0,2018-01-18,30.0,30.8
1479,0.0,2018-01-19,31.4,30.6
1480,0.0,2018-01-20,32.2,30.1
1481,0.0,2018-01-21,30.2,20.4
1482,0.0,2018-01-22,31.7,25.4
1483,0.0,2018-01-23,32.3,29.2
1484,0.0,2018-01-24,31.6,26.1
1485,8.6,2018-01-25,,28.4
1486,,2018-01-26,32.5,27.4
1487,0.0,2018-01-27,32.8,25.7
1488,2.4,2018-01-28,30.2,19.0
1489,7.8,2018-01-29,31.5,23.2
1490,1.6,2018-01-30,32.7,22.4
1491,0.0,2018-01-31,34.7,27.5
1492,4.2,2018-02-01,25.5,7.1
1493,11.2,2018-02-02,21.7,6.6
1494,6.2,2018-02-03,22.8,5.2
1495,7.2,2018-02-04,28.0,24.7
1496,1.0,2018-02-05,30.1,27.8
1497,,2018-02-06,,23.9
1498,,2018-02-07,29.3,27.1
1499,0.0,2018-02-08,29.0,21.8
1500,0.0,2018-02-09,31.2,28.0
1501,0.0,2018-02-10,32.8,28.2
1502,1.0,2018-02-11,34.5,28.2
1503,6.6,2018-02-12,33.5,28.4
1504,0.0,2018-02-13,33.0,21.3
1505,13.0,2018-02-14,33.0,28.3
1506,0.0,2018-02-15,35.7,21.7
1507,0.0,2018-02-16,33.0,20.8
1508,17.0,2018-02-17,31.5,22.0
1509,0.0,2018-02-18,,24.0
1510,,2018-02-19,33.0,27.6
1511,,2018-02-20,30.9,20.2
1512,,2018-02-21,27.6,9.6
1513,0.2,2018-02-22,26.7,8.9
1514,62.8,2018-02-23,26.4,4.2
1515,135.8,2018-02-24,29.1,15.5
1516,19.0,2018-02-25,,21.9
1517,,2018-02-26,,23.8
1518,,2018-02-27,28.5,12.3
1519,0.2,2018-02-28,29.5,22.5
1520,,2018-03-01,,26.0
1521,,2018-03-02,29.1,11.4
1522,0.8,2018-03-03,30.6,15.1
1523,0.2,2018-03-04,34.7,22.9
1524,2.4,2018-03-05,29.4,10.5
1525,57.4,2018-03-06,24.0,5.2
1526,11.0,2018-03-07,26.1,11.5
1527,5.8,2018-03-08,26.6,14.5
1528,1.6,2018-03-09,27.4,15.9
1529,0.6,2018-03-10,26.7,17.0
1530,2.8,2018-03-11,25.7,15.3
1531,2.2,2018-03-12,28.6,19.7
1532,0.0,2018-03-13,27.3,11.7
1533,5.8,2018-03-14,28.7,21.5
1534,0.4,2018-03-15,29.4,19.1
1535,0.0,2018-03-16,30.6,24.0
1536,0.0,2018-03-17,31.0,23.7
1537,0.0,2018-03-18,31.2,19.2
1538,0.0,2018-03-19,31.4,19.8
1539,0.2,2018-03-20,29.8,21.2
1540,13.6,2018-03-21,25.8,13.7
1541,28.0,2018-03-22,27.6,18.4
1542,6.0,2018-03-23,28.3,16.1
1543,0.2,2018-03-24,27.7,18.4
1544,0.2,2018-03-25,28.1,13.7
1545,1.0,2018-03-26,29.2,15.9
1546,0.2,2018-03-27,28.3,7.9
1547,1.2,2018-03-28,30.9,20.5
1548,2.0,2018-03-29,28.7,12.6
1549,1.0,2018-03-30,29.1,13.9
1550,0.4,2018-03-31,29.3,19.1
1551,0.0,2018-04-01,28.9,13.2
1552,0.4,2018-04-02,28.6,19.1
1553,0.0,2018-04-03,28.0,15.7
1554,4.2,2018-04-04,26.3,12.1
1555,3.2,2018-04-05,28.1,17.5
1556,1.8,2018-04-06,27.8,19.4
1557,3.2,2018-04-07,28.1,19.5
1558,2.4,2018-04-08,27.8,17.3
1559,0.0,2018-04-09,29.3,20.1
1560,0.0,2018-04-10,30.1,18.9
1561,0.2,2018-04-11,27.2,17.4
1562,0.0,2018-04-12,26.1,11.7
1563,0.6,2018-04-13,27.8,15.4
1564,0.0,2018-04-14,28.0,9.4
1565,0.2,2018-04-15,30.4,19.1
1566,0.0,2018-04-16,32.0,19.2
1567,0.0,2018-04-17,30.8,18.2
1568,5.2,2018-04-18,24.7,9.2
1569,1.2,2018-04-19,27.2,14.6
1570,0.2,2018-04-20,27.7,9.8
1571,10.0,2018-04-21,26.7,11.3
1572,0.2,2018-04-22,25.8,13.6
1573,0.0,2018-04-23,28.0,14.1
1574,1.4,2018-04-24,27.2,17.5
1575,1.2,2018-04-25,27.7,16.5
1576,0.0,2018-04-26,29.1,17.1
1577,0.0,2018-04-27,27.5,14.7
1578,0.0,2018-04-28,25.5,15.1
1579,0.4,2018-04-29,26.1,14.7
1580,0.0,2018-04-30,25.5,13.4
1581,0.0,2018-05-01,25.3,15.6
1582,0.0,2018-05-02,26.0,14.0
1583,0.0,2018-05-03,26.7,14.5
1584,0.0,2018-05-04,27.6,16.7
1585,0.0,2018-05-05,27.2,16.5
1586,0.0,2018-05-06,25.8,16.3
1587,0.0,2018-05-07,24.2,11.0
1588,8.2,2018-05-08,22.5,8.6
1589,9.2,2018-05-09,27.2,16.2
1590,0.0,2018-05-10,27.9,15.8
1591,0.0,2018-05-11,22.9,16.0
1592,0.0,2018-05-12,22.3,15.9
1593,0.0,2018-05-13,24.4,15.8
1594,0.0,2018-05-14,25.0,15.5
1595,0.0,2018-05-15,25.1,15.6
1596,0.0,2018-05-16,24.4,15.5
1597,0.0,2018-05-17,23.6,12.9
1598,0.0,2018-05-18,25.4,15.0
1599,0.0,2018-05-19,25.3,15.3
1600,0.0,2018-05-20,25.3,15.2
1601,0.0,2018-05-21,,15.1
1602,,2018-05-22,25.5,15.0
1603,0.0,2018-05-23,25.0,14.8
1604,0.0,2018-05-24,24.2,13.4
1605,0.0,2018-05-25,24.6,12.1
1606,0.0,2018-05-26,23.8,12.3
1607,3.4,2018-05-27,23.1,10.5
1608,1.6,2018-05-28,22.7,10.9
1609,4.2,2018-05-29,23.5,11.6
1610,0.2,2018-05-30,26.1,13.9
1611,0.0,2018-05-31,22.0,14.4
1612,0.0,2018-06-01,22.6,14.3
1613,0.0,2018-06-02,23.5,14.3
1614,0.0,2018-06-03,25.4,13.9
1615,0.0,2018-06-04,24.0,13.4
1616,0.0,2018-06-05,22.6,13.5
1617,0.0,2018-06-06,23.1,11.7
1618,8.6,2018-06-07,20.6,9.5
1619,9.4,2018-06-08,22.4,11.1
1620,0.2,2018-06-09,23.7,10.8
1621,0.8,2018-06-10,23.6,12.3
1622,0.0,2018-06-11,23.3,13.4
1623,0.0,2018-06-12,22.9,13.2
1624,0.0,2018-06-13,25.2,12.0
1625,0.8,2018-06-14,23.8,10.4
1626,0.0,2018-06-15,23.7,13.7
1627,0.0,2018-06-16,23.2,13.8
1628,0.0,2018-06-17,20.5,13.9
1629,0.0,2018-06-18,18.5,13.9
1630,0.0,2018-06-19,20.2,13.9
1631,0.0,2018-06-20,22.4,13.4
1632,0.0,2018-06-21,22.2,12.5
1633,0.0,2018-06-22,22.7,13.7
1634,0.0,2018-06-23,23.1,13.5
1635,0.0,2018-06-24,23.4,13.9
1636,0.0,2018-06-25,21.6,11.2
1637,0.8,2018-06-26,22.0,11.1
1638,1.0,2018-06-27,16.9,6.0
1639,7.4,2018-06-28,22.0,9.6
1640,0.0,2018-06-29,23.7,12.7
1641,0.2,2018-06-30,24.6,12.2
1642,0.0,2018-07-01,22.4,9.4
1643,6.4,2018-07-02,24.4,13.0
1644,0.0,2018-07-03,23.3,13.8
1645,0.0,2018-07-04,24.0,13.2
1646,3.2,2018-07-05,22.9,10.5
1647,8.6,2018-07-06,23.9,10.7
1648,2.6,2018-07-07,24.9,9.7
1649,0.2,2018-07-08,20.4,14.3
1650,0.0,2018-07-09,20.6,13.8
1651,0.0,2018-07-10,22.2,13.5
1652,0.0,2018-07-11,20.8,10.3
1653,2.4,2018-07-12,21.8,13.3
1654,0.0,2018-07-13,21.7,14.6
1655,0.0,2018-07-14,21.0,14.6
1656,0.0,2018-07-15,21.6,14.7
1657,0.0,2018-07-16,23.6,14.6
1658,0.0,2018-07-17,24.3,14.8
1659,0.0,2018-07-18,25.0,14.9
1660,0.0,2018-07-19,23.8,15.0
1661,0.0,2018-07-20,24.9,12.1
1662,0.0,2018-07-21,20.2,15.1
1663,0.0,2018-07-22,20.7,13.9
1664,0.0,2018-07-23,22.2,14.9
1665,0.0,2018-07-24,24.1,15.4
1666,0.0,2018-07-25,24.1,11.6
1667,0.8,2018-07-26,26.3,15.6
1668,0.2,2018-07-27,25.6,15.7
1669,0.0,2018-07-28,26.4,15.7
1670,0.0,2018-07-29,26.4,15.8
1671,1.4,2018-07-30,23.7,15.9
1672,0.0,2018-07-31,23.3,16.0
1673,0.0,2018-08-01,24.7,16.0
1674,0.0,2018-08-02,23.0,15.5
1675,0.0,2018-08-03,23.9,16.1
1676,0.0,2018-08-04,27.1,16.3
1677,0.0,2018-08-05,25.3,16.4
1678,0.0,2018-08-06,27.6,16.2
1679,2.8,2018-08-07,22.9,14.3
1680,0.2,2018-08-08,22.6,16.8
1681,0.0,2018-08-09,23.0,16.9
1682,0.0,2018-08-10,23.4,16.2
1683,0.0,2018-08-11,24.9,16.4
1684,0.0,2018-08-12,24.4,17.2
1685,0.0,2018-08-13,22.5,17.4
1686,0.0,2018-08-14,22.7,17.4
1687,0.0,2018-08-15,25.2,17.6
1688,0.0,2018-08-16,29.5,17.7
1689,0.0,2018-08-17,29.3,17.8
1690,0.0,2018-08-18,28.1,17.9
1691,0.0,2018-08-19,22.8,18.0
1692,0.0,2018-08-20,21.9,18.2
1693,0.0,2018-08-21,23.8,18.3
1694,0.0,2018-08-22,24.4,18.4
1695,0.0,2018-08-23,23.1,17.6
1696,0.0,2018-08-24,24.5,17.2
1697,0.8,2018-08-25,22.5,15.0
1698,11.2,2018-08-26,20.2,9.5
1699,10.6,2018-08-27,24.4,18.6
1700,0.2,2018-08-28,22.8,18.1
1701,0.0,2018-08-29,24.8,19.4
1702,0.0,2018-08-30,23.7,19.3
1703,0.0,2018-08-31,25.7,19.4
1704,0.0,2018-09-01,27.1,17.8
1705,0.0,2018-09-02,26.3,19.9
1706,0.0,2018-09-03,20.6,12.7
1707,0.4,2018-09-04,21.7,15.8
1708,9.4,2018-09-05,21.6,16.6
1709,0.0,2018-09-06,23.2,12.8
1710,0.4,2018-09-07,24.7,19.0
1711,1.2,2018-09-08,25.0,8.2
1712,2.0,2018-09-09,26.8,21.0
1713,0.0,2018-09-10,25.1,21.1
1714,0.0,2018-09-11,25.0,19.8
1715,0.0,2018-09-12,24.9,20.2
1716,0.0,2018-09-13,26.2,21.5
1717,0.0,2018-09-14,26.4,20.4
1718,0.0,2018-09-15,26.9,21.8
1719,0.0,2018-09-16,28.3,20.5
1720,0.0,2018-09-17,23.3,20.0
1721,0.0,2018-09-18,24.3,19.3
1722,0.0,2018-09-19,25.1,22.3
1723,0.0,2018-09-20,28.7,22.2
1724,0.0,2018-09-21,24.5,21.7
1725,0.0,2018-09-22,25.1,19.2
1726,0.0,2018-09-23,26.1,23.0
1727,0.0,2018-09-24,25.6,15.3
1728,0.0,2018-09-25,21.2,8.3
1729,,2018-09-26,23.7,18.9
1730,0.0,2018-09-27,24.2,14.5
1731,0.0,2018-09-28,26.8,21.8
1732,0.0,2018-09-29,28.9,20.0
1733,2.2,2018-09-30,20.8,7.2
1734,9.6,2018-10-01,24.3,23.0
1735,0.0,2018-10-02,24.7,21.8
1736,0.0,2018-10-03,26.0,24.1
1737,0.0,2018-10-04,26.1,24.6
1738,0.0,2018-10-05,25.3,11.7
1739,16.8,2018-10-06,22.4,10.7
1740,10.8,2018-10-07,24.1,16.2
1741,1.0,2018-10-08,27.5,24.0
1742,10.0,2018-10-09,26.3,18.0
1743,0.2,2018-10-10,28.5,25.4
1744,1.2,2018-10-11,25.5,9.5
1745,8.4,2018-10-12,,8.3
1746,16.2,2018-10-13,19.7,7.2
1747,16.0,2018-10-14,20.8,9.7
1748,44.8,2018-10-15,23.4,10.9
1749,23.8,2018-10-16,25.9,20.9
1750,1.2,2018-10-17,25.3,16.9
1751,4.8,2018-10-18,25.2,13.6
1752,0.4,2018-10-19,25.9,19.9
1753,0.0,2018-10-20,27.6,24.2
1754,0.8,2018-10-21,28.2,15.3
1755,8.2,2018-10-22,28.0,24.3
1756,0.0,2018-10-23,28.9,27.1
1757,0.0,2018-10-24,32.5,26.8
1758,0.0,2018-10-25,27.9,20.7
1759,0.6,2018-10-26,,27.9
1760,0.0,2018-10-27,28.6,27.5
1761,0.0,2018-10-28,30.3,21.8
1762,0.8,2018-10-29,,6.5
1763,3.6,2018-10-30,,22.3
1764,,2018-10-31,27.0,25.8
1765,0.0,2018-11-01,27.8,27.9
1766,0.0,2018-11-02,27.1,27.4
1767,0.0,2018-11-03,30.8,28.8
1768,0.0,2018-11-04,30.7,28.7
1769,0.0,2018-11-05,31.3,28.2
1770,0.0,2018-11-06,32.0,26.3
1771,0.0,2018-11-07,31.4,29.2
1772,0.6,2018-11-08,25.7,11.1
1773,0.0,2018-11-09,25.1,22.2
1774,0.0,2018-11-10,27.1,26.0
1775,0.0,2018-11-11,27.7,27.7
1776,0.0,2018-11-12,27.8,28.4
1777,0.0,2018-11-13,27.1,25.7
1778,0.0,2018-11-14,28.3,24.8
1779,0.0,2018-11-15,29.6,27.0
1780,0.0,2018-11-16,29.6,28.3
1781,0.0,2018-11-17,29.6,21.2
1782,2.8,2018-11-18,26.2,13.8
1783,0.2,2018-11-19,27.0,24.7
1784,0.0,2018-11-20,28.3,29.5
1785,0.0,2018-11-21,31.7,27.8
1786,2.8,2018-11-22,31.1,17.8
1787,6.2,2018-11-23,30.2,30.4
1788,0.0,2018-11-24,30.6,30.6
1789,0.0,2018-11-25,33.5,27.8
1790,0.2,2018-11-26,34.8,30.8
1791,0.0,2018-11-27,29.9,15.5
1792,0.6,2018-11-28,37.9,27.3
1793,0.0,2018-11-29,34.5,28.9
1794,0.0,2018-11-30,29.8,27.3
1795,0.0,2018-12-01,33.3,30.7
1796,0.0,2018-12-02,34.7,28.4
1797,0.0,2018-12-03,30.5,28.0
1798,0.0,2018-12-04,30.3,17.5
1799,0.6,2018-12-05,27.9,19.2
1800,0.0,2018-12-06,27.5,23.1
1801,0.0,2018-12-07,25.7,13.4
1802,0.0,2018-12-08,27.4,12.5
1803,0.0,2018-12-09,29.1,22.0
1804,0.0,2018-12-10,29.9,28.9
1805,0.0,2018-12-11,30.3,26.9
1806,0.0,2018-12-12,29.4,30.3
1807,0.0,2018-12-13,30.2,25.6
1808,0.0,2018-12-14,31.3,21.7
1809,3.0,2018-12-15,31.0,23.9
1810,9.0,2018-12-16,25.9,0.5
1811,32.6,2018-12-17,28.8,18.8
1812,2.8,2018-12-18,29.8,22.1
1813,0.0,2018-12-19,30.9,27.0
1814,0.0,2018-12-20,32.5,31.2
1815,0.0,2018-12-21,34.9,29.8
1816,3.0,2018-12-22,35.7,20.9
1817,0.0,2018-12-23,28.6,28.1
1818,0.0,2018-12-24,27.9,25.7
1819,0.2,2018-12-25,28.3,26.4
1820,0.0,2018-12-26,28.7,29.5
1821,0.0,2018-12-27,29.5,29.7
1822,0.0,2018-12-28,29.7,28.6
1823,0.0,2018-12-29,30.5,29.8
1824,0.0,2018-12-30,30.6,27.9
1825,0.0,2018-12-31,31.4,28.4
